[
    {
      "_id": 1,
      "report_date": "Jan 1, 2021",
      "previous_day_total_doses_administered": 6255,
      "previous_day_at_least_one": 6245,
      "previous_day_fully_vaccinated": 2,
      "previous_day_3doses": null,
      "total_doses_administered": 32263,
      "total_individuals_at_least_one": 32207,
      "total_individuals_partially_vaccinated": 32196,
      "total_doses_in_fully_vaccinated_individuals": 22.0,
      "total_individuals_fully_vaccinated": 11,
      "total_individuals_3doses": null
    },
    {
      "_id": 2,
      "report_date": "Jan 2, 2021",
      "previous_day_total_doses_administered": 4618,
      "previous_day_at_least_one": 4606,
      "previous_day_fully_vaccinated": 6,
      "previous_day_3doses": null,
      "total_doses_administered": 36881,
      "total_individuals_at_least_one": 36761,
      "total_individuals_partially_vaccinated": 36748,
      "total_doses_in_fully_vaccinated_individuals": 26.0,
      "total_individuals_fully_vaccinated": 13,
      "total_individuals_3doses": null
    },
    {
      "_id": 3,
      "report_date": "Jan 3, 2021",
      "previous_day_total_doses_administered": 5397,
      "previous_day_at_least_one": 5389,
      "previous_day_fully_vaccinated": 4,
      "previous_day_3doses": null,
      "total_doses_administered": 42278,
      "total_individuals_at_least_one": 42148,
      "total_individuals_partially_vaccinated": 42133,
      "total_doses_in_fully_vaccinated_individuals": 30.0,
      "total_individuals_fully_vaccinated": 15,
      "total_individuals_3doses": null
    },
    {
      "_id": 4,
      "report_date": "Jan 4, 2021",
      "previous_day_total_doses_administered": 5998,
      "previous_day_at_least_one": 5995,
      "previous_day_fully_vaccinated": 0,
      "previous_day_3doses": null,
      "total_doses_administered": 48276,
      "total_individuals_at_least_one": 48142,
      "total_individuals_partially_vaccinated": 48128,
      "total_doses_in_fully_vaccinated_individuals": 28.0,
      "total_individuals_fully_vaccinated": 14,
      "total_individuals_3doses": null
    },
    {
      "_id": 5,
      "report_date": "Jan 5, 2021",
      "previous_day_total_doses_administered": 9693,
      "previous_day_at_least_one": 9668,
      "previous_day_fully_vaccinated": 21,
      "previous_day_3doses": null,
      "total_doses_administered": 57969,
      "total_individuals_at_least_one": 57808,
      "total_individuals_partially_vaccinated": 57774,
      "total_doses_in_fully_vaccinated_individuals": 68.0,
      "total_individuals_fully_vaccinated": 34,
      "total_individuals_3doses": null
    },
    {
      "_id": 6,
      "report_date": "Jan 6, 2021",
      "previous_day_total_doses_administered": 12802,
      "previous_day_at_least_one": 12336,
      "previous_day_fully_vaccinated": 451,
      "previous_day_3doses": null,
      "total_doses_administered": 70771,
      "total_individuals_at_least_one": 70141,
      "total_individuals_partially_vaccinated": 69659,
      "total_doses_in_fully_vaccinated_individuals": 964.0,
      "total_individuals_fully_vaccinated": 482,
      "total_individuals_3doses": null
    },
    {
      "_id": 7,
      "report_date": "Jan 7, 2021",
      "previous_day_total_doses_administered": 16231,
      "previous_day_at_least_one": 15517,
      "previous_day_fully_vaccinated": 700,
      "previous_day_3doses": null,
      "total_doses_administered": 87002,
      "total_individuals_at_least_one": 85657,
      "total_individuals_partially_vaccinated": 84475,
      "total_doses_in_fully_vaccinated_individuals": 2364.0,
      "total_individuals_fully_vaccinated": 1182,
      "total_individuals_3doses": null
    },
    {
      "_id": 8,
      "report_date": "Jan 8, 2021",
      "previous_day_total_doses_administered": 18048,
      "previous_day_at_least_one": 17031,
      "previous_day_fully_vaccinated": 1004,
      "previous_day_3doses": null,
      "total_doses_administered": 105050,
      "total_individuals_at_least_one": 102688,
      "total_individuals_partially_vaccinated": 100502,
      "total_doses_in_fully_vaccinated_individuals": 4372.0,
      "total_individuals_fully_vaccinated": 2186,
      "total_individuals_3doses": null
    },
    {
      "_id": 9,
      "report_date": "Jan 9, 2021",
      "previous_day_total_doses_administered": 19520,
      "previous_day_at_least_one": 18440,
      "previous_day_fully_vaccinated": 1067,
      "previous_day_3doses": null,
      "total_doses_administered": 124570,
      "total_individuals_at_least_one": 121126,
      "total_individuals_partially_vaccinated": 117874,
      "total_doses_in_fully_vaccinated_individuals": 6504.0,
      "total_individuals_fully_vaccinated": 3252,
      "total_individuals_3doses": null
    },
    {
      "_id": 10,
      "report_date": "Jan 10, 2021",
      "previous_day_total_doses_administered": 11380,
      "previous_day_at_least_one": 11338,
      "previous_day_fully_vaccinated": 40,
      "previous_day_3doses": null,
      "total_doses_administered": 135950,
      "total_individuals_at_least_one": 132455,
      "total_individuals_partially_vaccinated": 129164,
      "total_doses_in_fully_vaccinated_individuals": 6582.0,
      "total_individuals_fully_vaccinated": 3291,
      "total_individuals_3doses": null
    },
    {
      "_id": 11,
      "report_date": "Jan 11, 2021",
      "previous_day_total_doses_administered": 11718,
      "previous_day_at_least_one": 11666,
      "previous_day_fully_vaccinated": 49,
      "previous_day_3doses": null,
      "total_doses_administered": 147668,
      "total_individuals_at_least_one": 144120,
      "total_individuals_partially_vaccinated": 140780,
      "total_doses_in_fully_vaccinated_individuals": 6680.0,
      "total_individuals_fully_vaccinated": 3340,
      "total_individuals_3doses": null
    }

]